{
    "background-color": [
        1,
        1,
        1,
        0.5
    ],
    "customize-topbar": true,
    "topbar-border-thickness": 0,
    "topbar-border-color": [
        0,
        0,
        0,
        0
    ],
    "topbar-background-color": [
        1,
        1,
        1,
        0.25
    ],
    "topbar-foreground-color": [
        0,
        0,
        0,
        0.9
    ],
    "customize-label": true,
    "label-border-radius": 3.9823008849557526,
    "label-border-thickness": 1,
    "label-border-color": [
        1,
        1,
        1,
        0.4099999964237213
    ],
    "label-background-color": [
        0.05000000074505806,
        0.039000000804662704,
        0.039000000804662704,
        0.5366666913032532
    ],
    "label-foreground-color": [
        1,
        1,
        1,
        1
    ],
    "border-radius": 3.1111111111111107,
    "border-thickness": 1,
    "border-color": [
        1,
        1,
        1,
        0.4166666567325592
    ],
    "separator-thickness": 2,
    "separator-color": [
        1,
        1,
        1,
        0.4333333373069763
    ],
    "icon-effect": 0,
    "icon-effect-color": [
        0.9633333086967468,
        0.048166677355766296,
        0.048166677355766296,
        0.273333340883255
    ],
    "meta": {
        "title": "Light"
    }
}